{
    "Ships":[
        {
            "x":0,
            "y":0,
            "Orientation": "S"
        },

        {
            "x":1,
            "y":0,
            "Orientation": "S"
        },

        {
            "x":2,
            "y":0,
            "Orientation": "S"
        },

        {
            "x":3,
            "y":0,
            "Orientation": "S"
        },

        {
            "x":4,
            "y":0,
            "Orientation": "S"
        }
    ]
}